file,year
MapPLUTO_02B/Bronx/bxmappluto.dbf,2002
MapPLUTO_02B/Bronx/bxmappluto.prj,2002
MapPLUTO_02B/Bronx/bxmappluto.sbn,2002
MapPLUTO_02B/Bronx/bxmappluto.sbx,2002
MapPLUTO_02B/Bronx/bxmappluto.shp,2002
MapPLUTO_02B/Bronx/bxmappluto.shp.xml,2002
MapPLUTO_02B/Bronx/bxmappluto.shx,2002
MapPLUTO_02B/Brooklyn/bkmappluto.dbf,2002
MapPLUTO_02B/Brooklyn/bkmappluto.prj,2002
MapPLUTO_02B/Brooklyn/bkmappluto.sbn,2002
MapPLUTO_02B/Brooklyn/bkmappluto.sbx,2002
MapPLUTO_02B/Brooklyn/bkmappluto.shp,2002
MapPLUTO_02B/Brooklyn/bkmappluto.shp.xml,2002
MapPLUTO_02B/Brooklyn/bkmappluto.shx,2002
MapPLUTO_02B/Manhattan/mnmappluto.dbf,2002
MapPLUTO_02B/Manhattan/mnmappluto.prj,2002
MapPLUTO_02B/Manhattan/mnmappluto.sbn,2002
MapPLUTO_02B/Manhattan/mnmappluto.sbx,2002
MapPLUTO_02B/Manhattan/mnmappluto.shp,2002
MapPLUTO_02B/Manhattan/mnmappluto.shp.xml,2002
MapPLUTO_02B/Manhattan/mnmappluto.shx,2002
MapPLUTO_02B/MapPLUTO_02B_Metadata.htm,2002
MapPLUTO_02B/Queens/qnmappluto.dbf,2002
MapPLUTO_02B/Queens/qnmappluto.prj,2002
MapPLUTO_02B/Queens/qnmappluto.sbn,2002
MapPLUTO_02B/Queens/qnmappluto.sbx,2002
MapPLUTO_02B/Queens/qnmappluto.shp,2002
MapPLUTO_02B/Queens/qnmappluto.shp.xml,2002
MapPLUTO_02B/Queens/qnmappluto.shx,2002
MapPLUTO_02B/Staten_Island/simappluto.dbf,2002
MapPLUTO_02B/Staten_Island/simappluto.prj,2002
MapPLUTO_02B/Staten_Island/simappluto.sbn,2002
MapPLUTO_02B/Staten_Island/simappluto.sbx,2002
MapPLUTO_02B/Staten_Island/simappluto.shp,2002
MapPLUTO_02B/Staten_Island/simappluto.shp.xml,2002
MapPLUTO_02B/Staten_Island/simappluto.shx,2002
MapPLUTO_03C/Bronx/bxmappluto.dbf,2003
MapPLUTO_03C/Bronx/bxmappluto.prj,2003
MapPLUTO_03C/Bronx/bxmappluto.shp,2003
MapPLUTO_03C/Bronx/bxmappluto.shp.xml,2003
MapPLUTO_03C/Bronx/bxmappluto.shx,2003
MapPLUTO_03C/Brooklyn/bkmappluto.dbf,2003
MapPLUTO_03C/Brooklyn/bkmappluto.prj,2003
MapPLUTO_03C/Brooklyn/bkmappluto.shp,2003
MapPLUTO_03C/Brooklyn/bkmappluto.shp.xml,2003
MapPLUTO_03C/Brooklyn/bkmappluto.shx,2003
MapPLUTO_03C/Manhattan/mnmappluto.dbf,2003
MapPLUTO_03C/Manhattan/mnmappluto.prj,2003
MapPLUTO_03C/Manhattan/mnmappluto.shp,2003
MapPLUTO_03C/Manhattan/mnmappluto.shp.xml,2003
MapPLUTO_03C/Manhattan/mnmappluto.shx,2003
MapPLUTO_03C/MapPLUTO_03C_Metadata.html,2003
MapPLUTO_03C/Queens/qnmappluto.dbf,2003
MapPLUTO_03C/Queens/qnmappluto.prj,2003
MapPLUTO_03C/Queens/qnmappluto.shp,2003
MapPLUTO_03C/Queens/qnmappluto.shp.xml,2003
MapPLUTO_03C/Queens/qnmappluto.shx,2003
MapPLUTO_03C/Staten_Island/simappluto.dbf,2003
MapPLUTO_03C/Staten_Island/simappluto.prj,2003
MapPLUTO_03C/Staten_Island/simappluto.shp,2003
MapPLUTO_03C/Staten_Island/simappluto.shp.xml,2003
MapPLUTO_03C/Staten_Island/simappluto.shx,2003
MapPLUTO_04C/Bronx/bxmappluto.dbf,2004
MapPLUTO_04C/Bronx/bxmappluto.prj,2004
MapPLUTO_04C/Bronx/bxmappluto.sbn,2004
MapPLUTO_04C/Bronx/bxmappluto.sbx,2004
MapPLUTO_04C/Bronx/bxmappluto.shp,2004
MapPLUTO_04C/Bronx/bxmappluto.shp.xml,2004
MapPLUTO_04C/Bronx/bxmappluto.shx,2004
MapPLUTO_04C/Brooklyn/bkmappluto.dbf,2004
MapPLUTO_04C/Brooklyn/bkmappluto.prj,2004
MapPLUTO_04C/Brooklyn/bkmappluto.sbn,2004
MapPLUTO_04C/Brooklyn/bkmappluto.sbx,2004
MapPLUTO_04C/Brooklyn/bkmappluto.shp,2004
MapPLUTO_04C/Brooklyn/bkmappluto.shp.xml,2004
MapPLUTO_04C/Brooklyn/bkmappluto.shx,2004
MapPLUTO_04C/Manhattan/mnmappluto.dbf,2004
MapPLUTO_04C/Manhattan/mnmappluto.prj,2004
MapPLUTO_04C/Manhattan/mnmappluto.sbn,2004
MapPLUTO_04C/Manhattan/mnmappluto.sbx,2004
MapPLUTO_04C/Manhattan/mnmappluto.shp,2004
MapPLUTO_04C/Manhattan/mnmappluto.shp.xml,2004
MapPLUTO_04C/Manhattan/mnmappluto.shx,2004
MapPLUTO_04C/PLUTO04C.pdf,2004
MapPLUTO_04C/Queens/qnmappluto.dbf,2004
MapPLUTO_04C/Queens/qnmappluto.prj,2004
MapPLUTO_04C/Queens/qnmappluto.sbn,2004
MapPLUTO_04C/Queens/qnmappluto.sbx,2004
MapPLUTO_04C/Queens/qnmappluto.shp,2004
MapPLUTO_04C/Queens/qnmappluto.shp.xml,2004
MapPLUTO_04C/Queens/qnmappluto.shx,2004
MapPLUTO_04C/Staten Island/simappluto.dbf,2004
MapPLUTO_04C/Staten Island/simappluto.prj,2004
MapPLUTO_04C/Staten Island/simappluto.sbn,2004
MapPLUTO_04C/Staten Island/simappluto.sbx,2004
MapPLUTO_04C/Staten Island/simappluto.shp,2004
MapPLUTO_04C/Staten Island/simappluto.shp.xml,2004
MapPLUTO_04C/Staten Island/simappluto.shx,2004
MapPLUTO_05D/Bronx/bxmappluto.dbf,2005
MapPLUTO_05D/Bronx/bxmappluto.prj,2005
MapPLUTO_05D/Bronx/bxmappluto.sbn,2005
MapPLUTO_05D/Bronx/bxmappluto.sbx,2005
MapPLUTO_05D/Bronx/bxmappluto.shp,2005
MapPLUTO_05D/Bronx/bxmappluto.shp.xml,2005
MapPLUTO_05D/Bronx/bxmappluto.shx,2005
MapPLUTO_05D/Brooklyn/bkmappluto.dbf,2005
MapPLUTO_05D/Brooklyn/bkmappluto.prj,2005
MapPLUTO_05D/Brooklyn/bkmappluto.sbn,2005
MapPLUTO_05D/Brooklyn/bkmappluto.sbx,2005
MapPLUTO_05D/Brooklyn/bkmappluto.shp,2005
MapPLUTO_05D/Brooklyn/bkmappluto.shp.xml,2005
MapPLUTO_05D/Brooklyn/bkmappluto.shx,2005
MapPLUTO_05D/Manhattan/mnmappluto.dbf,2005
MapPLUTO_05D/Manhattan/mnmappluto.prj,2005
MapPLUTO_05D/Manhattan/mnmappluto.sbn,2005
MapPLUTO_05D/Manhattan/mnmappluto.sbx,2005
MapPLUTO_05D/Manhattan/mnmappluto.shp,2005
MapPLUTO_05D/Manhattan/mnmappluto.shp.xml,2005
MapPLUTO_05D/Manhattan/mnmappluto.shx,2005
MapPLUTO_05D/PLUTO05D.pdf,2005
MapPLUTO_05D/Queens/qnmappluto.dbf,2005
MapPLUTO_05D/Queens/qnmappluto.prj,2005
MapPLUTO_05D/Queens/qnmappluto.sbn,2005
MapPLUTO_05D/Queens/qnmappluto.sbx,2005
MapPLUTO_05D/Queens/qnmappluto.shp,2005
MapPLUTO_05D/Queens/qnmappluto.shp.xml,2005
MapPLUTO_05D/Queens/qnmappluto.shx,2005
MapPLUTO_05D/Staten_Island/simappluto.dbf,2005
MapPLUTO_05D/Staten_Island/simappluto.prj,2005
MapPLUTO_05D/Staten_Island/simappluto.sbn,2005
MapPLUTO_05D/Staten_Island/simappluto.sbx,2005
MapPLUTO_05D/Staten_Island/simappluto.shp,2005
MapPLUTO_05D/Staten_Island/simappluto.shp.xml,2005
MapPLUTO_05D/Staten_Island/simappluto.shx,2005
MapPLUTO_06C/Bronx/bxmappluto.dbf,2006
MapPLUTO_06C/Bronx/bxmappluto.prj,2006
MapPLUTO_06C/Bronx/bxmappluto.sbn,2006
MapPLUTO_06C/Bronx/bxmappluto.sbx,2006
MapPLUTO_06C/Bronx/bxmappluto.shp,2006
MapPLUTO_06C/Bronx/bxmappluto.shp.xml,2006
MapPLUTO_06C/Bronx/bxmappluto.shx,2006
MapPLUTO_06C/Bronx/bxpluto.dbf,2006
MapPLUTO_06C/Bronx/bxpluto.dbf.xml,2006
MapPLUTO_06C/Brooklyn/bkmappluto.dbf,2006
MapPLUTO_06C/Brooklyn/bkmappluto.prj,2006
MapPLUTO_06C/Brooklyn/bkmappluto.sbn,2006
MapPLUTO_06C/Brooklyn/bkmappluto.sbx,2006
MapPLUTO_06C/Brooklyn/bkmappluto.shp,2006
MapPLUTO_06C/Brooklyn/bkmappluto.shp.xml,2006
MapPLUTO_06C/Brooklyn/bkmappluto.shx,2006
MapPLUTO_06C/Brooklyn/bkpluto.dbf,2006
MapPLUTO_06C/Manhattan/mnmappluto.dbf,2006
MapPLUTO_06C/Manhattan/mnmappluto.prj,2006
MapPLUTO_06C/Manhattan/mnmappluto.shp,2006
MapPLUTO_06C/Manhattan/mnmappluto.shp.xml,2006
MapPLUTO_06C/Manhattan/mnmappluto.shx,2006
MapPLUTO_06C/Manhattan/mnpluto.dbf,2006
MapPLUTO_06C/PLUTODD06C.pdf,2006
MapPLUTO_06C/Queens/qnmappluto.dbf,2006
MapPLUTO_06C/Queens/qnmappluto.prj,2006
MapPLUTO_06C/Queens/qnmappluto.sbn,2006
MapPLUTO_06C/Queens/qnmappluto.sbx,2006
MapPLUTO_06C/Queens/qnmappluto.shp,2006
MapPLUTO_06C/Queens/qnmappluto.shp.xml,2006
MapPLUTO_06C/Queens/qnmappluto.shx,2006
MapPLUTO_06C/Queens/qnpluto.dbf,2006
MapPLUTO_06C/Staten_Island/simappluto.dbf,2006
MapPLUTO_06C/Staten_Island/simappluto.prj,2006
MapPLUTO_06C/Staten_Island/simappluto.sbn,2006
MapPLUTO_06C/Staten_Island/simappluto.sbx,2006
MapPLUTO_06C/Staten_Island/simappluto.shp,2006
MapPLUTO_06C/Staten_Island/simappluto.shp.xml,2006
MapPLUTO_06C/Staten_Island/simappluto.shx,2006
MapPLUTO_06C/Staten_Island/sipluto.dbf,2006
MapPLUTO_07C/Bronx/BXMapPLUTO.dbf,2007
MapPLUTO_07C/Bronx/BXMapPLUTO.prj,2007
MapPLUTO_07C/Bronx/BXMapPLUTO.shp,2007
MapPLUTO_07C/Bronx/BXMapPLUTO.shp.xml,2007
MapPLUTO_07C/Bronx/BXMapPLUTO.shx,2007
MapPLUTO_07C/Bronx/bxpluto.dbf,2007
MapPLUTO_07C/Bronx/bxpluto.dbf.xml,2007
MapPLUTO_07C/Brooklyn/BKMapPLUTO.dbf,2007
MapPLUTO_07C/Brooklyn/BKMapPLUTO.prj,2007
MapPLUTO_07C/Brooklyn/BKMapPLUTO.shp,2007
MapPLUTO_07C/Brooklyn/BKMapPLUTO.shp.xml,2007
MapPLUTO_07C/Brooklyn/BKMapPLUTO.shx,2007
MapPLUTO_07C/Brooklyn/bkpluto.dbf,2007
MapPLUTO_07C/Manhattan/MNMapPLUTO.dbf,2007
MapPLUTO_07C/Manhattan/MNMapPLUTO.prj,2007
MapPLUTO_07C/Manhattan/MNMapPLUTO.shp,2007
MapPLUTO_07C/Manhattan/MNMapPLUTO.shp.xml,2007
MapPLUTO_07C/Manhattan/MNMapPLUTO.shx,2007
MapPLUTO_07C/Manhattan/mnpluto.dbf,2007
MapPLUTO_07C/PLUTODD07C.pdf,2007
MapPLUTO_07C/Queens/QNMapPLUTO.dbf,2007
MapPLUTO_07C/Queens/QNMapPLUTO.prj,2007
MapPLUTO_07C/Queens/QNMapPLUTO.shp,2007
MapPLUTO_07C/Queens/QNMapPLUTO.shp.xml,2007
MapPLUTO_07C/Queens/QNMapPLUTO.shx,2007
MapPLUTO_07C/Queens/qnpluto.dbf,2007
MapPLUTO_07C/Staten_Island/SIMapPLUTO.dbf,2007
MapPLUTO_07C/Staten_Island/SIMapPLUTO.prj,2007
MapPLUTO_07C/Staten_Island/SIMapPLUTO.shp,2007
MapPLUTO_07C/Staten_Island/SIMapPLUTO.shp.xml,2007
MapPLUTO_07C/Staten_Island/SIMapPLUTO.shx,2007
MapPLUTO_07C/Staten_Island/sipluto.dbf,2007
mappluto_08b/Bronx/BXMapPLUTO.cpg,2008
mappluto_08b/Bronx/BXMapPLUTO.dbf,2008
mappluto_08b/Bronx/BXMapPLUTO.prj,2008
mappluto_08b/Bronx/BXMapPLUTO.sbn,2008
mappluto_08b/Bronx/BXMapPLUTO.sbx,2008
mappluto_08b/Bronx/BXMapPLUTO.shp,2008
mappluto_08b/Bronx/BXMapPLUTO.shp.xml,2008
mappluto_08b/Bronx/BXMapPLUTO.shx,2008
mappluto_08b/Brooklyn/BKMapPLUTO.cpg,2008
mappluto_08b/Brooklyn/BKMapPLUTO.dbf,2008
mappluto_08b/Brooklyn/BKMapPLUTO.prj,2008
mappluto_08b/Brooklyn/BKMapPLUTO.sbn,2008
mappluto_08b/Brooklyn/BKMapPLUTO.sbx,2008
mappluto_08b/Brooklyn/BKMapPLUTO.shp,2008
mappluto_08b/Brooklyn/BKMapPLUTO.shp.xml,2008
mappluto_08b/Brooklyn/BKMapPLUTO.shx,2008
mappluto_08b/Manhattan/MNMapPLUTO.cpg,2008
mappluto_08b/Manhattan/MNMapPLUTO.dbf,2008
mappluto_08b/Manhattan/MNMapPLUTO.prj,2008
mappluto_08b/Manhattan/MNMapPLUTO.sbn,2008
mappluto_08b/Manhattan/MNMapPLUTO.sbx,2008
mappluto_08b/Manhattan/MNMapPLUTO.shp,2008
mappluto_08b/Manhattan/MNMapPLUTO.shp.xml,2008
mappluto_08b/Manhattan/MNMapPLUTO.shx,2008
mappluto_08b/Queens/QNMapPLUTO.cpg,2008
mappluto_08b/Queens/QNMapPLUTO.dbf,2008
mappluto_08b/Queens/QNMapPLUTO.prj,2008
mappluto_08b/Queens/QNMapPLUTO.sbn,2008
mappluto_08b/Queens/QNMapPLUTO.sbx,2008
mappluto_08b/Queens/QNMapPLUTO.shp,2008
mappluto_08b/Queens/QNMapPLUTO.shp.xml,2008
mappluto_08b/Queens/QNMapPLUTO.shx,2008
mappluto_08b/Staten_Island/SIMapPLUTO.cpg,2008
mappluto_08b/Staten_Island/SIMapPLUTO.dbf,2008
mappluto_08b/Staten_Island/SIMapPLUTO.prj,2008
mappluto_08b/Staten_Island/SIMapPLUTO.sbn,2008
mappluto_08b/Staten_Island/SIMapPLUTO.sbx,2008
mappluto_08b/Staten_Island/SIMapPLUTO.shp,2008
mappluto_08b/Staten_Island/SIMapPLUTO.shp.xml,2008
mappluto_08b/Staten_Island/SIMapPLUTO.shx,2008
MapPLUTO_09v2/Bronx/BX_Dcp_Mappinglot.dbf,2009
MapPLUTO_09v2/Bronx/BX_Dcp_Mappinglot.prj,2009
MapPLUTO_09v2/Bronx/BX_Dcp_Mappinglot.sbn,2009
MapPLUTO_09v2/Bronx/BX_Dcp_Mappinglot.sbx,2009
MapPLUTO_09v2/Bronx/BX_Dcp_Mappinglot.shp,2009
MapPLUTO_09v2/Bronx/BX_Dcp_Mappinglot.shp.xml,2009
MapPLUTO_09v2/Bronx/BX_Dcp_Mappinglot.shx,2009
MapPLUTO_09v2/Bronx/bx_pluto.dbf,2009
MapPLUTO_09v2/Bronx/bx_pluto.dbf.xml,2009
MapPLUTO_09v2/Bronx/BXMapPLUTO.BBL.atx,2009
MapPLUTO_09v2/Bronx/BXMapPLUTO.CD.atx,2009
MapPLUTO_09v2/Bronx/BXMapPLUTO.dbf,2009
MapPLUTO_09v2/Bronx/BXMapPLUTO.LandUse.atx,2009
MapPLUTO_09v2/Bronx/BXMapPLUTO.prj,2009
MapPLUTO_09v2/Bronx/BXMapPLUTO.sbn,2009
MapPLUTO_09v2/Bronx/BXMapPLUTO.sbx,2009
MapPLUTO_09v2/Bronx/BXMapPLUTO.shp,2009
MapPLUTO_09v2/Bronx/BXMapPLUTO.shp.xml,2009
MapPLUTO_09v2/Bronx/BXMapPLUTO.shx,2009
MapPLUTO_09v2/Bronx/BXMapPLUTO.ZoneDist1.atx,2009
MapPLUTO_09v2/Brooklyn/BK_Dcp_Mappinglot.dbf,2009
MapPLUTO_09v2/Brooklyn/BK_Dcp_Mappinglot.prj,2009
MapPLUTO_09v2/Brooklyn/BK_Dcp_Mappinglot.sbn,2009
MapPLUTO_09v2/Brooklyn/BK_Dcp_Mappinglot.sbx,2009
MapPLUTO_09v2/Brooklyn/BK_Dcp_Mappinglot.shp,2009
MapPLUTO_09v2/Brooklyn/BK_Dcp_Mappinglot.shp.xml,2009
MapPLUTO_09v2/Brooklyn/BK_Dcp_Mappinglot.shx,2009
MapPLUTO_09v2/Brooklyn/bk_pluto.dbf,2009
MapPLUTO_09v2/Brooklyn/bk_pluto.dbf.xml,2009
MapPLUTO_09v2/Brooklyn/BKMapPLUTO.BBL.atx,2009
MapPLUTO_09v2/Brooklyn/BKMapPLUTO.CD.atx,2009
MapPLUTO_09v2/Brooklyn/BKMapPLUTO.dbf,2009
MapPLUTO_09v2/Brooklyn/BKMapPLUTO.LandUse.atx,2009
MapPLUTO_09v2/Brooklyn/BKMapPLUTO.prj,2009
MapPLUTO_09v2/Brooklyn/BKMapPLUTO.sbn,2009
MapPLUTO_09v2/Brooklyn/BKMapPLUTO.sbx,2009
MapPLUTO_09v2/Brooklyn/BKMapPLUTO.shp,2009
MapPLUTO_09v2/Brooklyn/BKMapPLUTO.shp.xml,2009
MapPLUTO_09v2/Brooklyn/BKMapPLUTO.shx,2009
MapPLUTO_09v2/Brooklyn/BKMapPLUTO.ZoneDist1.atx,2009
MapPLUTO_09v2/Manhattan/MN_Dcp_Mappinglot.dbf,2009
MapPLUTO_09v2/Manhattan/MN_Dcp_Mappinglot.prj,2009
MapPLUTO_09v2/Manhattan/MN_Dcp_Mappinglot.sbn,2009
MapPLUTO_09v2/Manhattan/MN_Dcp_Mappinglot.sbx,2009
MapPLUTO_09v2/Manhattan/MN_Dcp_Mappinglot.shp,2009
MapPLUTO_09v2/Manhattan/MN_Dcp_Mappinglot.shp.xml,2009
MapPLUTO_09v2/Manhattan/MN_Dcp_Mappinglot.shx,2009
MapPLUTO_09v2/Manhattan/mn_pluto.dbf,2009
MapPLUTO_09v2/Manhattan/mn_pluto.dbf.xml,2009
MapPLUTO_09v2/Manhattan/MNMapPLUTO.BBL.atx,2009
MapPLUTO_09v2/Manhattan/MNMapPLUTO.CD.atx,2009
MapPLUTO_09v2/Manhattan/MNMapPLUTO.dbf,2009
MapPLUTO_09v2/Manhattan/MNMapPLUTO.LandUse.atx,2009
MapPLUTO_09v2/Manhattan/MNMapPLUTO.prj,2009
MapPLUTO_09v2/Manhattan/MNMapPLUTO.sbn,2009
MapPLUTO_09v2/Manhattan/MNMapPLUTO.sbx,2009
MapPLUTO_09v2/Manhattan/MNMapPLUTO.shp,2009
MapPLUTO_09v2/Manhattan/MNMapPLUTO.shp.xml,2009
MapPLUTO_09v2/Manhattan/MNMapPLUTO.shx,2009
MapPLUTO_09v2/Manhattan/MNMapPLUTO.ZoneDist1.atx,2009
MapPLUTO_09v2/PLUTODD09v2.pdf,2009
MapPLUTO_09v2/Queens/QN_Dcp_Mappinglot.dbf,2009
MapPLUTO_09v2/Queens/QN_Dcp_Mappinglot.prj,2009
MapPLUTO_09v2/Queens/QN_Dcp_Mappinglot.sbn,2009
MapPLUTO_09v2/Queens/QN_Dcp_Mappinglot.sbx,2009
MapPLUTO_09v2/Queens/QN_Dcp_Mappinglot.shp,2009
MapPLUTO_09v2/Queens/QN_Dcp_Mappinglot.shp.xml,2009
MapPLUTO_09v2/Queens/QN_Dcp_Mappinglot.shx,2009
MapPLUTO_09v2/Queens/qn_pluto.dbf,2009
MapPLUTO_09v2/Queens/qn_pluto.dbf.xml,2009
MapPLUTO_09v2/Queens/QNMapPLUTO.BBL.atx,2009
MapPLUTO_09v2/Queens/QNMapPLUTO.CD.atx,2009
MapPLUTO_09v2/Queens/QNMapPLUTO.dbf,2009
MapPLUTO_09v2/Queens/QNMapPLUTO.LandUse.atx,2009
MapPLUTO_09v2/Queens/QNMapPLUTO.prj,2009
MapPLUTO_09v2/Queens/QNMapPLUTO.sbn,2009
MapPLUTO_09v2/Queens/QNMapPLUTO.sbx,2009
MapPLUTO_09v2/Queens/QNMapPLUTO.shp,2009
MapPLUTO_09v2/Queens/QNMapPLUTO.shp.xml,2009
MapPLUTO_09v2/Queens/QNMapPLUTO.shx,2009
MapPLUTO_09v2/Queens/QNMapPLUTO.ZoneDist1.atx,2009
MapPLUTO_09v2/Staten_Island/SI_Dcp_Mappinglot.dbf,2009
MapPLUTO_09v2/Staten_Island/SI_Dcp_Mappinglot.prj,2009
MapPLUTO_09v2/Staten_Island/SI_Dcp_Mappinglot.sbn,2009
MapPLUTO_09v2/Staten_Island/SI_Dcp_Mappinglot.sbx,2009
MapPLUTO_09v2/Staten_Island/SI_Dcp_Mappinglot.shp,2009
MapPLUTO_09v2/Staten_Island/SI_Dcp_Mappinglot.shp.xml,2009
MapPLUTO_09v2/Staten_Island/SI_Dcp_Mappinglot.shx,2009
MapPLUTO_09v2/Staten_Island/si_pluto.dbf,2009
MapPLUTO_09v2/Staten_Island/si_pluto.dbf.xml,2009
MapPLUTO_09v2/Staten_Island/SIMapPLUTO.BBL.atx,2009
MapPLUTO_09v2/Staten_Island/SIMapPLUTO.CD.atx,2009
MapPLUTO_09v2/Staten_Island/SIMapPLUTO.dbf,2009
MapPLUTO_09v2/Staten_Island/SIMapPLUTO.LandUse.atx,2009
MapPLUTO_09v2/Staten_Island/SIMapPLUTO.prj,2009
MapPLUTO_09v2/Staten_Island/SIMapPLUTO.sbn,2009
MapPLUTO_09v2/Staten_Island/SIMapPLUTO.sbx,2009
MapPLUTO_09v2/Staten_Island/SIMapPLUTO.shp,2009
MapPLUTO_09v2/Staten_Island/SIMapPLUTO.shp.xml,2009
MapPLUTO_09v2/Staten_Island/SIMapPLUTO.shx,2009
MapPLUTO_09v2/Staten_Island/SIMapPLUTO.ZoneDist1.atx,2009
MapPLUTO_10v2/Bronx/BX_Dcp_Mappinglot.dbf,2010
MapPLUTO_10v2/Bronx/BX_Dcp_Mappinglot.prj,2010
MapPLUTO_10v2/Bronx/BX_Dcp_Mappinglot.sbn,2010
MapPLUTO_10v2/Bronx/BX_Dcp_Mappinglot.sbx,2010
MapPLUTO_10v2/Bronx/BX_Dcp_Mappinglot.shp,2010
MapPLUTO_10v2/Bronx/BX_Dcp_Mappinglot.shp.xml,2010
MapPLUTO_10v2/Bronx/BX_Dcp_Mappinglot.shx,2010
MapPLUTO_10v2/Bronx/bx_pluto.dbf,2010
MapPLUTO_10v2/Bronx/bx_pluto.dbf.xml,2010
MapPLUTO_10v2/Bronx/BXMapPLUTO.BBL.atx,2010
MapPLUTO_10v2/Bronx/BXMapPLUTO.CD.atx,2010
MapPLUTO_10v2/Bronx/BXMapPLUTO.dbf,2010
MapPLUTO_10v2/Bronx/BXMapPLUTO.LandUse.atx,2010
MapPLUTO_10v2/Bronx/BXMapPLUTO.prj,2010
MapPLUTO_10v2/Bronx/BXMapPLUTO.sbn,2010
MapPLUTO_10v2/Bronx/BXMapPLUTO.sbx,2010
MapPLUTO_10v2/Bronx/BXMapPLUTO.shp,2010
MapPLUTO_10v2/Bronx/BXMapPLUTO.shp.xml,2010
MapPLUTO_10v2/Bronx/BXMapPLUTO.shx,2010
MapPLUTO_10v2/Bronx/BXMapPLUTO.ZoneDist1.atx,2010
MapPLUTO_10v2/Brooklyn/BK_Dcp_Mappinglot.dbf,2010
MapPLUTO_10v2/Brooklyn/BK_Dcp_Mappinglot.prj,2010
MapPLUTO_10v2/Brooklyn/BK_Dcp_Mappinglot.sbn,2010
MapPLUTO_10v2/Brooklyn/BK_Dcp_Mappinglot.sbx,2010
MapPLUTO_10v2/Brooklyn/BK_Dcp_Mappinglot.shp,2010
MapPLUTO_10v2/Brooklyn/BK_Dcp_Mappinglot.shp.xml,2010
MapPLUTO_10v2/Brooklyn/BK_Dcp_Mappinglot.shx,2010
MapPLUTO_10v2/Brooklyn/bk_pluto.dbf,2010
MapPLUTO_10v2/Brooklyn/bk_pluto.dbf.xml,2010
MapPLUTO_10v2/Brooklyn/BKMapPLUTO.BBL.atx,2010
MapPLUTO_10v2/Brooklyn/BKMapPLUTO.CD.atx,2010
MapPLUTO_10v2/Brooklyn/BKMapPLUTO.dbf,2010
MapPLUTO_10v2/Brooklyn/BKMapPLUTO.LandUse.atx,2010
MapPLUTO_10v2/Brooklyn/BKMapPLUTO.prj,2010
MapPLUTO_10v2/Brooklyn/BKMapPLUTO.sbn,2010
MapPLUTO_10v2/Brooklyn/BKMapPLUTO.sbx,2010
MapPLUTO_10v2/Brooklyn/BKMapPLUTO.shp,2010
MapPLUTO_10v2/Brooklyn/BKMapPLUTO.shp.xml,2010
MapPLUTO_10v2/Brooklyn/BKMapPLUTO.shx,2010
MapPLUTO_10v2/Brooklyn/BKMapPLUTO.ZoneDist1.atx,2010
MapPLUTO_10v2/Manhattan/MN_Dcp_Mappinglot.dbf,2010
MapPLUTO_10v2/Manhattan/MN_Dcp_Mappinglot.prj,2010
MapPLUTO_10v2/Manhattan/MN_Dcp_Mappinglot.sbn,2010
MapPLUTO_10v2/Manhattan/MN_Dcp_Mappinglot.sbx,2010
MapPLUTO_10v2/Manhattan/MN_Dcp_Mappinglot.shp,2010
MapPLUTO_10v2/Manhattan/MN_Dcp_Mappinglot.shp.xml,2010
MapPLUTO_10v2/Manhattan/MN_Dcp_Mappinglot.shx,2010
MapPLUTO_10v2/Manhattan/mn_pluto.dbf,2010
MapPLUTO_10v2/Manhattan/mn_pluto.dbf.xml,2010
MapPLUTO_10v2/Manhattan/MNMapPLUTO.BBL.atx,2010
MapPLUTO_10v2/Manhattan/MNMapPLUTO.CD.atx,2010
MapPLUTO_10v2/Manhattan/MNMapPLUTO.dbf,2010
MapPLUTO_10v2/Manhattan/MNMapPLUTO.LandUse.atx,2010
MapPLUTO_10v2/Manhattan/MNMapPLUTO.prj,2010
MapPLUTO_10v2/Manhattan/MNMapPLUTO.sbn,2010
MapPLUTO_10v2/Manhattan/MNMapPLUTO.sbx,2010
MapPLUTO_10v2/Manhattan/MNMapPLUTO.shp,2010
MapPLUTO_10v2/Manhattan/MNMapPLUTO.shp.xml,2010
MapPLUTO_10v2/Manhattan/MNMapPLUTO.shx,2010
MapPLUTO_10v2/Manhattan/MNMapPLUTO.ZoneDist1.atx,2010
MapPLUTO_10v2/Manhattan/schema.ini,2010
MapPLUTO_10v2/PLUTODD10v2.pdf,2010
MapPLUTO_10v2/Queens/QN_Dcp_Mappinglot.dbf,2010
MapPLUTO_10v2/Queens/QN_Dcp_Mappinglot.prj,2010
MapPLUTO_10v2/Queens/QN_Dcp_Mappinglot.sbn,2010
MapPLUTO_10v2/Queens/QN_Dcp_Mappinglot.sbx,2010
MapPLUTO_10v2/Queens/QN_Dcp_Mappinglot.shp,2010
MapPLUTO_10v2/Queens/QN_Dcp_Mappinglot.shp.xml,2010
MapPLUTO_10v2/Queens/QN_Dcp_Mappinglot.shx,2010
MapPLUTO_10v2/Queens/qn_pluto.dbf,2010
MapPLUTO_10v2/Queens/qn_pluto.dbf.xml,2010
MapPLUTO_10v2/Queens/QNMapPLUTO.BBL.atx,2010
MapPLUTO_10v2/Queens/QNMapPLUTO.CD.atx,2010
MapPLUTO_10v2/Queens/QNMapPLUTO.dbf,2010
MapPLUTO_10v2/Queens/QNMapPLUTO.LandUse.atx,2010
MapPLUTO_10v2/Queens/QNMapPLUTO.prj,2010
MapPLUTO_10v2/Queens/QNMapPLUTO.sbn,2010
MapPLUTO_10v2/Queens/QNMapPLUTO.sbx,2010
MapPLUTO_10v2/Queens/QNMapPLUTO.shp,2010
MapPLUTO_10v2/Queens/QNMapPLUTO.shp.xml,2010
MapPLUTO_10v2/Queens/QNMapPLUTO.shx,2010
MapPLUTO_10v2/Queens/QNMapPLUTO.ZoneDist1.atx,2010
MapPLUTO_10v2/Staten_Island/SI_Dcp_Mappinglot.dbf,2010
MapPLUTO_10v2/Staten_Island/SI_Dcp_Mappinglot.prj,2010
MapPLUTO_10v2/Staten_Island/SI_Dcp_Mappinglot.sbn,2010
MapPLUTO_10v2/Staten_Island/SI_Dcp_Mappinglot.sbx,2010
MapPLUTO_10v2/Staten_Island/SI_Dcp_Mappinglot.shp,2010
MapPLUTO_10v2/Staten_Island/SI_Dcp_Mappinglot.shp.xml,2010
MapPLUTO_10v2/Staten_Island/SI_Dcp_Mappinglot.shx,2010
MapPLUTO_10v2/Staten_Island/si_pluto.dbf,2010
MapPLUTO_10v2/Staten_Island/si_pluto.dbf.xml,2010
MapPLUTO_10v2/Staten_Island/SIMapPLUTO.BBL.atx,2010
MapPLUTO_10v2/Staten_Island/SIMapPLUTO.CD.atx,2010
MapPLUTO_10v2/Staten_Island/SIMapPLUTO.dbf,2010
MapPLUTO_10v2/Staten_Island/SIMapPLUTO.LandUse.atx,2010
MapPLUTO_10v2/Staten_Island/SIMapPLUTO.prj,2010
MapPLUTO_10v2/Staten_Island/SIMapPLUTO.sbn,2010
MapPLUTO_10v2/Staten_Island/SIMapPLUTO.sbx,2010
MapPLUTO_10v2/Staten_Island/SIMapPLUTO.shp,2010
MapPLUTO_10v2/Staten_Island/SIMapPLUTO.shp.xml,2010
MapPLUTO_10v2/Staten_Island/SIMapPLUTO.shx,2010
MapPLUTO_10v2/Staten_Island/SIMapPLUTO.ZoneDist1.atx,2010
MapPLUTO_11v2/Bronx/BX_Dcp_Mappinglot.dbf,2011
MapPLUTO_11v2/Bronx/BX_Dcp_Mappinglot.prj,2011
MapPLUTO_11v2/Bronx/BX_Dcp_Mappinglot.sbn,2011
MapPLUTO_11v2/Bronx/BX_Dcp_Mappinglot.sbx,2011
MapPLUTO_11v2/Bronx/BX_Dcp_Mappinglot.shp,2011
MapPLUTO_11v2/Bronx/BX_Dcp_Mappinglot.shp.xml,2011
MapPLUTO_11v2/Bronx/BX_Dcp_Mappinglot.shx,2011
MapPLUTO_11v2/Bronx/bx_pluto.dbf,2011
MapPLUTO_11v2/Bronx/bx_pluto.dbf.xml,2011
MapPLUTO_11v2/Bronx/BXMapPLUTO.BBL.atx,2011
MapPLUTO_11v2/Bronx/BXMapPLUTO.CD.atx,2011
MapPLUTO_11v2/Bronx/BXMapPLUTO.dbf,2011
MapPLUTO_11v2/Bronx/BXMapPLUTO.LandUse.atx,2011
MapPLUTO_11v2/Bronx/BXMapPLUTO.prj,2011
MapPLUTO_11v2/Bronx/BXMapPLUTO.sbn,2011
MapPLUTO_11v2/Bronx/BXMapPLUTO.sbx,2011
MapPLUTO_11v2/Bronx/BXMapPLUTO.shp,2011
MapPLUTO_11v2/Bronx/BXMapPLUTO.shp.xml,2011
MapPLUTO_11v2/Bronx/BXMapPLUTO.shx,2011
MapPLUTO_11v2/Bronx/BXMapPLUTO.ZoneDist1.atx,2011
MapPLUTO_11v2/Brooklyn/BK_Dcp_Mappinglot.dbf,2011
MapPLUTO_11v2/Brooklyn/BK_Dcp_Mappinglot.prj,2011
MapPLUTO_11v2/Brooklyn/BK_Dcp_Mappinglot.sbn,2011
MapPLUTO_11v2/Brooklyn/BK_Dcp_Mappinglot.sbx,2011
MapPLUTO_11v2/Brooklyn/BK_Dcp_Mappinglot.shp,2011
MapPLUTO_11v2/Brooklyn/BK_Dcp_Mappinglot.shp.xml,2011
MapPLUTO_11v2/Brooklyn/BK_Dcp_Mappinglot.shx,2011
MapPLUTO_11v2/Brooklyn/bk_pluto.dbf,2011
MapPLUTO_11v2/Brooklyn/bk_pluto.dbf.xml,2011
MapPLUTO_11v2/Brooklyn/BKMapPLUTO.BBL.atx,2011
MapPLUTO_11v2/Brooklyn/BKMapPLUTO.CD.atx,2011
MapPLUTO_11v2/Brooklyn/BKMapPLUTO.dbf,2011
MapPLUTO_11v2/Brooklyn/BKMapPLUTO.LandUse.atx,2011
MapPLUTO_11v2/Brooklyn/BKMapPLUTO.prj,2011
MapPLUTO_11v2/Brooklyn/BKMapPLUTO.sbn,2011
MapPLUTO_11v2/Brooklyn/BKMapPLUTO.sbx,2011
MapPLUTO_11v2/Brooklyn/BKMapPLUTO.shp,2011
MapPLUTO_11v2/Brooklyn/BKMapPLUTO.shp.xml,2011
MapPLUTO_11v2/Brooklyn/BKMapPLUTO.shx,2011
MapPLUTO_11v2/Brooklyn/BKMapPLUTO.ZoneDist1.atx,2011
MapPLUTO_11v2/Manhattan/MN_Dcp_Mappinglot.dbf,2011
MapPLUTO_11v2/Manhattan/MN_Dcp_Mappinglot.prj,2011
MapPLUTO_11v2/Manhattan/MN_Dcp_Mappinglot.sbn,2011
MapPLUTO_11v2/Manhattan/MN_Dcp_Mappinglot.sbx,2011
MapPLUTO_11v2/Manhattan/MN_Dcp_Mappinglot.shp,2011
MapPLUTO_11v2/Manhattan/MN_Dcp_Mappinglot.shp.xml,2011
MapPLUTO_11v2/Manhattan/MN_Dcp_Mappinglot.shx,2011
MapPLUTO_11v2/Manhattan/mn_pluto.dbf,2011
MapPLUTO_11v2/Manhattan/mn_pluto.dbf.xml,2011
MapPLUTO_11v2/Manhattan/MNMapPLUTO.BBL.atx,2011
MapPLUTO_11v2/Manhattan/MNMapPLUTO.CD.atx,2011
MapPLUTO_11v2/Manhattan/MNMapPLUTO.dbf,2011
MapPLUTO_11v2/Manhattan/MNMapPLUTO.LandUse.atx,2011
MapPLUTO_11v2/Manhattan/MNMapPLUTO.prj,2011
MapPLUTO_11v2/Manhattan/MNMapPLUTO.sbn,2011
MapPLUTO_11v2/Manhattan/MNMapPLUTO.sbx,2011
MapPLUTO_11v2/Manhattan/MNMapPLUTO.shp,2011
MapPLUTO_11v2/Manhattan/MNMapPLUTO.shp.xml,2011
MapPLUTO_11v2/Manhattan/MNMapPLUTO.shx,2011
MapPLUTO_11v2/Manhattan/MNMapPLUTO.ZoneDist1.atx,2011
MapPLUTO_11v2/PLUTODD11v2.pdf,2011
MapPLUTO_11v2/Queens/QN_Dcp_Mappinglot.dbf,2011
MapPLUTO_11v2/Queens/QN_Dcp_Mappinglot.prj,2011
MapPLUTO_11v2/Queens/QN_Dcp_Mappinglot.sbn,2011
MapPLUTO_11v2/Queens/QN_Dcp_Mappinglot.sbx,2011
MapPLUTO_11v2/Queens/QN_Dcp_Mappinglot.shp,2011
MapPLUTO_11v2/Queens/QN_Dcp_Mappinglot.shp.xml,2011
MapPLUTO_11v2/Queens/QN_Dcp_Mappinglot.shx,2011
MapPLUTO_11v2/Queens/qn_pluto.dbf,2011
MapPLUTO_11v2/Queens/qn_pluto.dbf.xml,2011
MapPLUTO_11v2/Queens/QNMapPLUTO.BBL.atx,2011
MapPLUTO_11v2/Queens/QNMapPLUTO.CD.atx,2011
MapPLUTO_11v2/Queens/QNMapPLUTO.dbf,2011
MapPLUTO_11v2/Queens/QNMapPLUTO.LandUse.atx,2011
MapPLUTO_11v2/Queens/QNMapPLUTO.prj,2011
MapPLUTO_11v2/Queens/QNMapPLUTO.sbn,2011
MapPLUTO_11v2/Queens/QNMapPLUTO.sbx,2011
MapPLUTO_11v2/Queens/QNMapPLUTO.shp,2011
MapPLUTO_11v2/Queens/QNMapPLUTO.shp.xml,2011
MapPLUTO_11v2/Queens/QNMapPLUTO.shx,2011
MapPLUTO_11v2/Queens/QNMapPLUTO.ZoneDist1.atx,2011
MapPLUTO_11v2/Staten_Island/SI_Dcp_Mappinglot.dbf,2011
MapPLUTO_11v2/Staten_Island/SI_Dcp_Mappinglot.prj,2011
MapPLUTO_11v2/Staten_Island/SI_Dcp_Mappinglot.sbn,2011
MapPLUTO_11v2/Staten_Island/SI_Dcp_Mappinglot.sbx,2011
MapPLUTO_11v2/Staten_Island/SI_Dcp_Mappinglot.shp,2011
MapPLUTO_11v2/Staten_Island/SI_Dcp_Mappinglot.shp.xml,2011
MapPLUTO_11v2/Staten_Island/SI_Dcp_Mappinglot.shx,2011
MapPLUTO_11v2/Staten_Island/si_pluto.dbf,2011
MapPLUTO_11v2/Staten_Island/si_pluto.dbf.xml,2011
MapPLUTO_11v2/Staten_Island/SIMapPLUTO.BBL.atx,2011
MapPLUTO_11v2/Staten_Island/SIMapPLUTO.CD.atx,2011
MapPLUTO_11v2/Staten_Island/SIMapPLUTO.dbf,2011
MapPLUTO_11v2/Staten_Island/SIMapPLUTO.LandUse.atx,2011
MapPLUTO_11v2/Staten_Island/SIMapPLUTO.prj,2011
MapPLUTO_11v2/Staten_Island/SIMapPLUTO.sbn,2011
MapPLUTO_11v2/Staten_Island/SIMapPLUTO.sbx,2011
MapPLUTO_11v2/Staten_Island/SIMapPLUTO.shp,2011
MapPLUTO_11v2/Staten_Island/SIMapPLUTO.shp.xml,2011
MapPLUTO_11v2/Staten_Island/SIMapPLUTO.shx,2011
MapPLUTO_11v2/Staten_Island/SIMapPLUTO.ZoneDist1.atx,2011
MapPLUTO_12v2/Bronx/BX_Dcp_Mappinglot.dbf,2012
MapPLUTO_12v2/Bronx/BX_Dcp_Mappinglot.prj,2012
MapPLUTO_12v2/Bronx/BX_Dcp_Mappinglot.sbn,2012
MapPLUTO_12v2/Bronx/BX_Dcp_Mappinglot.sbx,2012
MapPLUTO_12v2/Bronx/BX_Dcp_Mappinglot.shp,2012
MapPLUTO_12v2/Bronx/BX_Dcp_Mappinglot.shp.xml,2012
MapPLUTO_12v2/Bronx/BX_Dcp_Mappinglot.shx,2012
MapPLUTO_12v2/Bronx/bx_pluto.dbf,2012
MapPLUTO_12v2/Bronx/bx_pluto.dbf.xml,2012
MapPLUTO_12v2/Bronx/BXMapPLUTO.BBL.atx,2012
MapPLUTO_12v2/Bronx/BXMapPLUTO.CD.atx,2012
MapPLUTO_12v2/Bronx/BXMapPLUTO.dbf,2012
MapPLUTO_12v2/Bronx/BXMapPLUTO.LandUse.atx,2012
MapPLUTO_12v2/Bronx/BXMapPLUTO.prj,2012
MapPLUTO_12v2/Bronx/BXMapPLUTO.sbn,2012
MapPLUTO_12v2/Bronx/BXMapPLUTO.sbx,2012
MapPLUTO_12v2/Bronx/BXMapPLUTO.shp,2012
MapPLUTO_12v2/Bronx/BXMapPLUTO.shp.xml,2012
MapPLUTO_12v2/Bronx/BXMapPLUTO.shx,2012
MapPLUTO_12v2/Bronx/BXMapPLUTO.ZoneDist1.atx,2012
MapPLUTO_12v2/Brooklyn/BK_Dcp_Mappinglot.dbf,2012
MapPLUTO_12v2/Brooklyn/BK_Dcp_Mappinglot.prj,2012
MapPLUTO_12v2/Brooklyn/BK_Dcp_Mappinglot.sbn,2012
MapPLUTO_12v2/Brooklyn/BK_Dcp_Mappinglot.sbx,2012
MapPLUTO_12v2/Brooklyn/BK_Dcp_Mappinglot.shp,2012
MapPLUTO_12v2/Brooklyn/BK_Dcp_Mappinglot.shp.xml,2012
MapPLUTO_12v2/Brooklyn/BK_Dcp_Mappinglot.shx,2012
MapPLUTO_12v2/Brooklyn/bk_pluto.dbf,2012
MapPLUTO_12v2/Brooklyn/bk_pluto.dbf.xml,2012
MapPLUTO_12v2/Brooklyn/BKMapPLUTO.BBL.atx,2012
MapPLUTO_12v2/Brooklyn/BKMapPLUTO.CD.atx,2012
MapPLUTO_12v2/Brooklyn/BKMapPLUTO.dbf,2012
MapPLUTO_12v2/Brooklyn/BKMapPLUTO.LandUse.atx,2012
MapPLUTO_12v2/Brooklyn/BKMapPLUTO.prj,2012
MapPLUTO_12v2/Brooklyn/BKMapPLUTO.sbn,2012
MapPLUTO_12v2/Brooklyn/BKMapPLUTO.sbx,2012
MapPLUTO_12v2/Brooklyn/BKMapPLUTO.shp,2012
MapPLUTO_12v2/Brooklyn/BKMapPLUTO.shp.xml,2012
MapPLUTO_12v2/Brooklyn/BKMapPLUTO.shx,2012
MapPLUTO_12v2/Brooklyn/BKMapPLUTO.ZoneDist1.atx,2012
MapPLUTO_12v2/Manhattan/MN_Dcp_Mappinglot.dbf,2012
MapPLUTO_12v2/Manhattan/MN_Dcp_Mappinglot.prj,2012
MapPLUTO_12v2/Manhattan/MN_Dcp_Mappinglot.sbn,2012
MapPLUTO_12v2/Manhattan/MN_Dcp_Mappinglot.sbx,2012
MapPLUTO_12v2/Manhattan/MN_Dcp_Mappinglot.shp,2012
MapPLUTO_12v2/Manhattan/MN_Dcp_Mappinglot.shp.xml,2012
MapPLUTO_12v2/Manhattan/MN_Dcp_Mappinglot.shx,2012
MapPLUTO_12v2/Manhattan/mn_pluto.dbf,2012
MapPLUTO_12v2/Manhattan/mn_pluto.dbf.xml,2012
MapPLUTO_12v2/Manhattan/MNMapPLUTO.BBL.atx,2012
MapPLUTO_12v2/Manhattan/MNMapPLUTO.CD.atx,2012
MapPLUTO_12v2/Manhattan/MNMapPLUTO.dbf,2012
MapPLUTO_12v2/Manhattan/MNMapPLUTO.LandUse.atx,2012
MapPLUTO_12v2/Manhattan/MNMapPLUTO.prj,2012
MapPLUTO_12v2/Manhattan/MNMapPLUTO.sbn,2012
MapPLUTO_12v2/Manhattan/MNMapPLUTO.sbx,2012
MapPLUTO_12v2/Manhattan/MNMapPLUTO.shp,2012
MapPLUTO_12v2/Manhattan/MNMapPLUTO.shp.xml,2012
MapPLUTO_12v2/Manhattan/MNMapPLUTO.shx,2012
MapPLUTO_12v2/Manhattan/MNMapPLUTO.ZoneDist1.atx,2012
MapPLUTO_12v2/PLUTODD12v2.pdf,2012
MapPLUTO_12v2/Queens/QN_Dcp_Mappinglot.dbf,2012
MapPLUTO_12v2/Queens/QN_Dcp_Mappinglot.prj,2012
MapPLUTO_12v2/Queens/QN_Dcp_Mappinglot.sbn,2012
MapPLUTO_12v2/Queens/QN_Dcp_Mappinglot.sbx,2012
MapPLUTO_12v2/Queens/QN_Dcp_Mappinglot.shp,2012
MapPLUTO_12v2/Queens/QN_Dcp_Mappinglot.shp.xml,2012
MapPLUTO_12v2/Queens/QN_Dcp_Mappinglot.shx,2012
MapPLUTO_12v2/Queens/qn_pluto.dbf,2012
MapPLUTO_12v2/Queens/qn_pluto.dbf.xml,2012
MapPLUTO_12v2/Queens/QNMapPLUTO.BBL.atx,2012
MapPLUTO_12v2/Queens/QNMapPLUTO.CD.atx,2012
MapPLUTO_12v2/Queens/QNMapPLUTO.dbf,2012
MapPLUTO_12v2/Queens/QNMapPLUTO.LandUse.atx,2012
MapPLUTO_12v2/Queens/QNMapPLUTO.prj,2012
MapPLUTO_12v2/Queens/QNMapPLUTO.sbn,2012
MapPLUTO_12v2/Queens/QNMapPLUTO.sbx,2012
MapPLUTO_12v2/Queens/QNMapPLUTO.shp,2012
MapPLUTO_12v2/Queens/QNMapPLUTO.shp.xml,2012
MapPLUTO_12v2/Queens/QNMapPLUTO.shx,2012
MapPLUTO_12v2/Queens/QNMapPLUTO.ZoneDist1.atx,2012
MapPLUTO_12v2/Staten_Island/SI_Dcp_Mappinglot.dbf,2012
MapPLUTO_12v2/Staten_Island/SI_Dcp_Mappinglot.prj,2012
MapPLUTO_12v2/Staten_Island/SI_Dcp_Mappinglot.sbn,2012
MapPLUTO_12v2/Staten_Island/SI_Dcp_Mappinglot.sbx,2012
MapPLUTO_12v2/Staten_Island/SI_Dcp_Mappinglot.shp,2012
MapPLUTO_12v2/Staten_Island/SI_Dcp_Mappinglot.shp.xml,2012
MapPLUTO_12v2/Staten_Island/SI_Dcp_Mappinglot.shx,2012
MapPLUTO_12v2/Staten_Island/si_pluto.dbf,2012
MapPLUTO_12v2/Staten_Island/si_pluto.dbf.xml,2012
MapPLUTO_12v2/Staten_Island/SIMapPLUTO.BBL.atx,2012
MapPLUTO_12v2/Staten_Island/SIMapPLUTO.CD.atx,2012
MapPLUTO_12v2/Staten_Island/SIMapPLUTO.dbf,2012
MapPLUTO_12v2/Staten_Island/SIMapPLUTO.LandUse.atx,2012
MapPLUTO_12v2/Staten_Island/SIMapPLUTO.prj,2012
MapPLUTO_12v2/Staten_Island/SIMapPLUTO.sbn,2012
MapPLUTO_12v2/Staten_Island/SIMapPLUTO.sbx,2012
MapPLUTO_12v2/Staten_Island/SIMapPLUTO.shp,2012
MapPLUTO_12v2/Staten_Island/SIMapPLUTO.shp.xml,2012
MapPLUTO_12v2/Staten_Island/SIMapPLUTO.shx,2012
MapPLUTO_12v2/Staten_Island/SIMapPLUTO.ZoneDist1.atx,2012
Bronx/BX_Dcp_Mappinglot.dbf,2013
Bronx/BX_Dcp_Mappinglot.prj,2013
Bronx/BX_Dcp_Mappinglot.sbn,2013
Bronx/BX_Dcp_Mappinglot.sbx,2013
Bronx/BX_Dcp_Mappinglot.shp,2013
Bronx/BX_Dcp_Mappinglot.shp.xml,2013
Bronx/BX_Dcp_Mappinglot.shx,2013
Bronx/bx_pluto.dbf,2013
Bronx/bx_pluto.dbf.xml,2013
Bronx/BXMapPLUTO.BBL.atx,2013
Bronx/BXMapPLUTO.CD.atx,2013
Bronx/BXMapPLUTO.dbf,2013
Bronx/BXMapPLUTO.LandUse.atx,2013
Bronx/BXMapPLUTO.prj,2013
Bronx/BXMapPLUTO.sbn,2013
Bronx/BXMapPLUTO.sbx,2013
Bronx/BXMapPLUTO.shp,2013
Bronx/BXMapPLUTO.shp.xml,2013
Bronx/BXMapPLUTO.shx,2013
Bronx/BXMapPLUTO.ZoneDist1.atx,2013
Bronx/PLUTODD13v2.pdf,2013
Brooklyn/BK_Dcp_Mappinglot.dbf,2013
Brooklyn/BK_Dcp_Mappinglot.prj,2013
Brooklyn/BK_Dcp_Mappinglot.sbn,2013
Brooklyn/BK_Dcp_Mappinglot.sbx,2013
Brooklyn/BK_Dcp_Mappinglot.shp,2013
Brooklyn/BK_Dcp_Mappinglot.shp.xml,2013
Brooklyn/BK_Dcp_Mappinglot.shx,2013
Brooklyn/bk_pluto.dbf,2013
Brooklyn/bk_pluto.dbf.xml,2013
Brooklyn/BKMapPLUTO.BBL.atx,2013
Brooklyn/BKMapPLUTO.CD.atx,2013
Brooklyn/BKMapPLUTO.dbf,2013
Brooklyn/BKMapPLUTO.LandUse.atx,2013
Brooklyn/BKMapPLUTO.prj,2013
Brooklyn/BKMapPLUTO.sbn,2013
Brooklyn/BKMapPLUTO.sbx,2013
Brooklyn/BKMapPLUTO.shp,2013
Brooklyn/BKMapPLUTO.shp.xml,2013
Brooklyn/BKMapPLUTO.shx,2013
Brooklyn/BKMapPLUTO.ZoneDist1.atx,2013
Brooklyn/PLUTODD13v2.pdf,2013
Manhattan/MN_Dcp_Mappinglot.dbf,2013
Manhattan/MN_Dcp_Mappinglot.prj,2013
Manhattan/MN_Dcp_Mappinglot.sbn,2013
Manhattan/MN_Dcp_Mappinglot.sbx,2013
Manhattan/MN_Dcp_Mappinglot.shp,2013
Manhattan/MN_Dcp_Mappinglot.shp.xml,2013
Manhattan/MN_Dcp_Mappinglot.shx,2013
Manhattan/mn_pluto.dbf,2013
Manhattan/mn_pluto.dbf.xml,2013
Manhattan/MNMapPLUTO.BBL.atx,2013
Manhattan/MNMapPLUTO.CD.atx,2013
Manhattan/MNMapPLUTO.dbf,2013
Manhattan/MNMapPLUTO.LandUse.atx,2013
Manhattan/MNMapPLUTO.prj,2013
Manhattan/MNMapPLUTO.sbn,2013
Manhattan/MNMapPLUTO.sbx,2013
Manhattan/MNMapPLUTO.shp,2013
Manhattan/MNMapPLUTO.shp.xml,2013
Manhattan/MNMapPLUTO.shx,2013
Manhattan/MNMapPLUTO.ZoneDist1.atx,2013
Manhattan/PLUTODD13v2.pdf,2013
PLUTODD13v2.pdf,2013
Queens/PLUTODD13v2.pdf,2013
Queens/QN_Dcp_Mappinglot.dbf,2013
Queens/QN_Dcp_Mappinglot.prj,2013
Queens/QN_Dcp_Mappinglot.sbn,2013
Queens/QN_Dcp_Mappinglot.sbx,2013
Queens/QN_Dcp_Mappinglot.shp,2013
Queens/QN_Dcp_Mappinglot.shp.xml,2013
Queens/QN_Dcp_Mappinglot.shx,2013
Queens/qn_pluto.dbf,2013
Queens/qn_pluto.dbf.xml,2013
Queens/QNMapPLUTO.BBL.atx,2013
Queens/QNMapPLUTO.CD.atx,2013
Queens/QNMapPLUTO.dbf,2013
Queens/QNMapPLUTO.LandUse.atx,2013
Queens/QNMapPLUTO.prj,2013
Queens/QNMapPLUTO.sbn,2013
Queens/QNMapPLUTO.sbx,2013
Queens/QNMapPLUTO.shp,2013
Queens/QNMapPLUTO.shp.xml,2013
Queens/QNMapPLUTO.shx,2013
Queens/QNMapPLUTO.ZoneDist1.atx,2013
Staten_Island/PLUTODD13v2.pdf,2013
Staten_Island/SI_Dcp_Mappinglot.dbf,2013
Staten_Island/SI_Dcp_Mappinglot.prj,2013
Staten_Island/SI_Dcp_Mappinglot.sbn,2013
Staten_Island/SI_Dcp_Mappinglot.sbx,2013
Staten_Island/SI_Dcp_Mappinglot.shp,2013
Staten_Island/SI_Dcp_Mappinglot.shp.xml,2013
Staten_Island/SI_Dcp_Mappinglot.shx,2013
Staten_Island/si_pluto.dbf,2013
Staten_Island/si_pluto.dbf.xml,2013
Staten_Island/SIMapPLUTO.BBL.atx,2013
Staten_Island/SIMapPLUTO.CD.atx,2013
Staten_Island/SIMapPLUTO.dbf,2013
Staten_Island/SIMapPLUTO.LandUse.atx,2013
Staten_Island/SIMapPLUTO.prj,2013
Staten_Island/SIMapPLUTO.sbn,2013
Staten_Island/SIMapPLUTO.sbx,2013
Staten_Island/SIMapPLUTO.shp,2013
Staten_Island/SIMapPLUTO.shp.xml,2013
Staten_Island/SIMapPLUTO.shx,2013
Staten_Island/SIMapPLUTO.ZoneDist1.atx,2013
Bronx/BX_Dcp_Mappinglot.dbf,2014
Bronx/BX_Dcp_Mappinglot.prj,2014
Bronx/BX_Dcp_Mappinglot.sbn,2014
Bronx/BX_Dcp_Mappinglot.sbx,2014
Bronx/BX_Dcp_Mappinglot.shp,2014
Bronx/BX_Dcp_Mappinglot.shp.xml,2014
Bronx/BX_Dcp_Mappinglot.shx,2014
Bronx/bx_pluto.dbf,2014
Bronx/bx_pluto.dbf.xml,2014
Bronx/BXMapPLUTO.BBL.atx,2014
Bronx/BXMapPLUTO.CD.atx,2014
Bronx/BXMapPLUTO.dbf,2014
Bronx/BXMapPLUTO.LandUse.atx,2014
Bronx/BXMapPLUTO.prj,2014
Bronx/BXMapPLUTO.sbn,2014
Bronx/BXMapPLUTO.sbx,2014
Bronx/BXMapPLUTO.shp,2014
Bronx/BXMapPLUTO.shp.xml,2014
Bronx/BXMapPLUTO.shx,2014
Bronx/BXMapPLUTO.ZoneDist1.atx,2014
Brooklyn/BK_Dcp_Mappinglot.dbf,2014
Brooklyn/BK_Dcp_Mappinglot.prj,2014
Brooklyn/BK_Dcp_Mappinglot.sbn,2014
Brooklyn/BK_Dcp_Mappinglot.sbx,2014
Brooklyn/BK_Dcp_Mappinglot.shp,2014
Brooklyn/BK_Dcp_Mappinglot.shp.xml,2014
Brooklyn/BK_Dcp_Mappinglot.shx,2014
Brooklyn/bk_pluto.dbf,2014
Brooklyn/bk_pluto.dbf.xml,2014
Brooklyn/BKMapPLUTO.BBL.atx,2014
Brooklyn/BKMapPLUTO.CD.atx,2014
Brooklyn/BKMapPLUTO.dbf,2014
Brooklyn/BKMapPLUTO.LandUse.atx,2014
Brooklyn/BKMapPLUTO.prj,2014
Brooklyn/BKMapPLUTO.sbn,2014
Brooklyn/BKMapPLUTO.sbx,2014
Brooklyn/BKMapPLUTO.shp,2014
Brooklyn/BKMapPLUTO.shp.xml,2014
Brooklyn/BKMapPLUTO.shx,2014
Brooklyn/BKMapPLUTO.ZoneDist1.atx,2014
Manhattan/MN_Dcp_Mappinglot.dbf,2014
Manhattan/MN_Dcp_Mappinglot.prj,2014
Manhattan/MN_Dcp_Mappinglot.sbn,2014
Manhattan/MN_Dcp_Mappinglot.sbx,2014
Manhattan/MN_Dcp_Mappinglot.shp,2014
Manhattan/MN_Dcp_Mappinglot.shp.xml,2014
Manhattan/MN_Dcp_Mappinglot.shx,2014
Manhattan/mn_pluto.dbf,2014
Manhattan/mn_pluto.dbf.xml,2014
Manhattan/MNMapPLUTO.BBL.atx,2014
Manhattan/MNMapPLUTO.CD.atx,2014
Manhattan/MNMapPLUTO.dbf,2014
Manhattan/MNMapPLUTO.LandUse.atx,2014
Manhattan/MNMapPLUTO.prj,2014
Manhattan/MNMapPLUTO.sbn,2014
Manhattan/MNMapPLUTO.sbx,2014
Manhattan/MNMapPLUTO.shp,2014
Manhattan/MNMapPLUTO.shp.xml,2014
Manhattan/MNMapPLUTO.shx,2014
Manhattan/MNMapPLUTO.ZoneDist1.atx,2014
PLUTODD14v2.pdf,2014
Queens/QN_Dcp_Mappinglot.dbf,2014
Queens/QN_Dcp_Mappinglot.prj,2014
Queens/QN_Dcp_Mappinglot.sbn,2014
Queens/QN_Dcp_Mappinglot.sbx,2014
Queens/QN_Dcp_Mappinglot.shp,2014
Queens/QN_Dcp_Mappinglot.shp.xml,2014
Queens/QN_Dcp_Mappinglot.shx,2014
Queens/qn_pluto.dbf,2014
Queens/qn_pluto.dbf.xml,2014
Queens/QNMapPLUTO.BBL.atx,2014
Queens/QNMapPLUTO.CD.atx,2014
Queens/QNMapPLUTO.dbf,2014
Queens/QNMapPLUTO.LandUse.atx,2014
Queens/QNMapPLUTO.prj,2014
Queens/QNMapPLUTO.sbn,2014
Queens/QNMapPLUTO.sbx,2014
Queens/QNMapPLUTO.shp,2014
Queens/QNMapPLUTO.shp.xml,2014
Queens/QNMapPLUTO.shx,2014
Queens/QNMapPLUTO.ZoneDist1.atx,2014
Staten_Island/SI_Dcp_Mappinglot.dbf,2014
Staten_Island/SI_Dcp_Mappinglot.prj,2014
Staten_Island/SI_Dcp_Mappinglot.sbn,2014
Staten_Island/SI_Dcp_Mappinglot.sbx,2014
Staten_Island/SI_Dcp_Mappinglot.shp,2014
Staten_Island/SI_Dcp_Mappinglot.shp.xml,2014
Staten_Island/SI_Dcp_Mappinglot.shx,2014
Staten_Island/si_pluto.dbf,2014
Staten_Island/si_pluto.dbf.xml,2014
Staten_Island/SIMapPLUTO.BBL.atx,2014
Staten_Island/SIMapPLUTO.CD.atx,2014
Staten_Island/SIMapPLUTO.dbf,2014
Staten_Island/SIMapPLUTO.LandUse.atx,2014
Staten_Island/SIMapPLUTO.prj,2014
Staten_Island/SIMapPLUTO.sbn,2014
Staten_Island/SIMapPLUTO.sbx,2014
Staten_Island/SIMapPLUTO.shp,2014
Staten_Island/SIMapPLUTO.shp.xml,2014
Staten_Island/SIMapPLUTO.shx,2014
Staten_Island/SIMapPLUTO.ZoneDist1.atx,2014
Bronx/BX_Dcp_Mappinglot.dbf,2015
Bronx/BX_Dcp_Mappinglot.prj,2015
Bronx/BX_Dcp_Mappinglot.sbn,2015
Bronx/BX_Dcp_Mappinglot.sbx,2015
Bronx/BX_Dcp_Mappinglot.shp,2015
Bronx/BX_Dcp_Mappinglot.shp.xml,2015
Bronx/BX_Dcp_Mappinglot.shx,2015
Bronx/bx_pluto.dbf,2015
Bronx/bx_pluto.dbf.xml,2015
Bronx/BXMapPLUTO.BBL.atx,2015
Bronx/BXMapPLUTO.CD.atx,2015
Bronx/BXMapPLUTO.dbf,2015
Bronx/BXMapPLUTO.LandUse.atx,2015
Bronx/BXMapPLUTO.prj,2015
Bronx/BXMapPLUTO.sbn,2015
Bronx/BXMapPLUTO.sbx,2015
Bronx/BXMapPLUTO.shp,2015
Bronx/BXMapPLUTO.shp.xml,2015
Bronx/BXMapPLUTO.shx,2015
Bronx/BXMapPLUTO.ZoneDist1.atx,2015
Bronx/PLUTODD15v1.pdf,2015
Brooklyn/BK_Dcp_Mappinglot.dbf,2015
Brooklyn/BK_Dcp_Mappinglot.prj,2015
Brooklyn/BK_Dcp_Mappinglot.sbn,2015
Brooklyn/BK_Dcp_Mappinglot.sbx,2015
Brooklyn/BK_Dcp_Mappinglot.shp,2015
Brooklyn/BK_Dcp_Mappinglot.shp.xml,2015
Brooklyn/BK_Dcp_Mappinglot.shx,2015
Brooklyn/bk_pluto.dbf,2015
Brooklyn/bk_pluto.dbf.xml,2015
Brooklyn/BKMapPLUTO.BBL.atx,2015
Brooklyn/BKMapPLUTO.CD.atx,2015
Brooklyn/BKMapPLUTO.dbf,2015
Brooklyn/BKMapPLUTO.LandUse.atx,2015
Brooklyn/BKMapPLUTO.prj,2015
Brooklyn/BKMapPLUTO.sbn,2015
Brooklyn/BKMapPLUTO.sbx,2015
Brooklyn/BKMapPLUTO.shp,2015
Brooklyn/BKMapPLUTO.shp.xml,2015
Brooklyn/BKMapPLUTO.shx,2015
Brooklyn/BKMapPLUTO.ZoneDist1.atx,2015
Brooklyn/PLUTODD15v1.pdf,2015
Manhattan/MN_Dcp_Mappinglot.dbf,2015
Manhattan/MN_Dcp_Mappinglot.prj,2015
Manhattan/MN_Dcp_Mappinglot.sbn,2015
Manhattan/MN_Dcp_Mappinglot.sbx,2015
Manhattan/MN_Dcp_Mappinglot.shp,2015
Manhattan/MN_Dcp_Mappinglot.shp.xml,2015
Manhattan/MN_Dcp_Mappinglot.shx,2015
Manhattan/mn_pluto.dbf,2015
Manhattan/mn_pluto.dbf.xml,2015
Manhattan/MNMapPLUTO.BBL.atx,2015
Manhattan/MNMapPLUTO.CD.atx,2015
Manhattan/MNMapPLUTO.dbf,2015
Manhattan/MNMapPLUTO.LandUse.atx,2015
Manhattan/MNMapPLUTO.prj,2015
Manhattan/MNMapPLUTO.sbn,2015
Manhattan/MNMapPLUTO.sbx,2015
Manhattan/MNMapPLUTO.shp,2015
Manhattan/MNMapPLUTO.shp.xml,2015
Manhattan/MNMapPLUTO.shx,2015
Manhattan/MNMapPLUTO.ZoneDist1.atx,2015
Manhattan/PLUTODD15v1.pdf,2015
Queens/PLUTODD15v1.pdf,2015
Queens/QN_Dcp_Mappinglot.dbf,2015
Queens/QN_Dcp_Mappinglot.prj,2015
Queens/QN_Dcp_Mappinglot.sbn,2015
Queens/QN_Dcp_Mappinglot.sbx,2015
Queens/QN_Dcp_Mappinglot.shp,2015
Queens/QN_Dcp_Mappinglot.shp.xml,2015
Queens/QN_Dcp_Mappinglot.shx,2015
Queens/qn_pluto.dbf,2015
Queens/qn_pluto.dbf.xml,2015
Queens/QNMapPLUTO.BBL.atx,2015
Queens/QNMapPLUTO.CD.atx,2015
Queens/QNMapPLUTO.dbf,2015
Queens/QNMapPLUTO.LandUse.atx,2015
Queens/QNMapPLUTO.prj,2015
Queens/QNMapPLUTO.sbn,2015
Queens/QNMapPLUTO.sbx,2015
Queens/QNMapPLUTO.shp,2015
Queens/QNMapPLUTO.shp.xml,2015
Queens/QNMapPLUTO.shx,2015
Queens/QNMapPLUTO.ZoneDist1.atx,2015
Staten_Island/PLUTODD15v1.pdf,2015
Staten_Island/SI_Dcp_Mappinglot.dbf,2015
Staten_Island/SI_Dcp_Mappinglot.prj,2015
Staten_Island/SI_Dcp_Mappinglot.sbn,2015
Staten_Island/SI_Dcp_Mappinglot.sbx,2015
Staten_Island/SI_Dcp_Mappinglot.shp,2015
Staten_Island/SI_Dcp_Mappinglot.shp.xml,2015
Staten_Island/SI_Dcp_Mappinglot.shx,2015
Staten_Island/si_pluto.dbf,2015
Staten_Island/si_pluto.dbf.xml,2015
Staten_Island/SIMapPLUTO.BBL.atx,2015
Staten_Island/SIMapPLUTO.CD.atx,2015
Staten_Island/SIMapPLUTO.dbf,2015
Staten_Island/SIMapPLUTO.LandUse.atx,2015
Staten_Island/SIMapPLUTO.prj,2015
Staten_Island/SIMapPLUTO.sbn,2015
Staten_Island/SIMapPLUTO.sbx,2015
Staten_Island/SIMapPLUTO.shp,2015
Staten_Island/SIMapPLUTO.shp.xml,2015
Staten_Island/SIMapPLUTO.shx,2015
Staten_Island/SIMapPLUTO.ZoneDist1.atx,2015
Bronx/BX_Dcp_Mappinglot.dbf,2016
Bronx/BX_Dcp_Mappinglot.prj,2016
Bronx/BX_Dcp_Mappinglot.sbn,2016
Bronx/BX_Dcp_Mappinglot.sbx,2016
Bronx/BX_Dcp_Mappinglot.shp,2016
Bronx/BX_Dcp_Mappinglot.shp.xml,2016
Bronx/BX_Dcp_Mappinglot.shx,2016
Bronx/bx_pluto.dbf,2016
Bronx/bx_pluto.dbf.xml,2016
Bronx/BXMapPLUTO.BBL.atx,2016
Bronx/BXMapPLUTO.CD.atx,2016
Bronx/BXMapPLUTO.dbf,2016
Bronx/BXMapPLUTO.LandUse.atx,2016
Bronx/BXMapPLUTO.prj,2016
Bronx/BXMapPLUTO.sbn,2016
Bronx/BXMapPLUTO.sbx,2016
Bronx/BXMapPLUTO.shp,2016
Bronx/BXMapPLUTO.shp.xml,2016
Bronx/BXMapPLUTO.shx,2016
Bronx/BXMapPLUTO.ZoneDist1.atx,2016
Bronx/PLUTODD16v1.pdf,2016
Brooklyn/BK_Dcp_Mappinglot.dbf,2016
Brooklyn/BK_Dcp_Mappinglot.prj,2016
Brooklyn/BK_Dcp_Mappinglot.sbn,2016
Brooklyn/BK_Dcp_Mappinglot.sbx,2016
Brooklyn/BK_Dcp_Mappinglot.shp,2016
Brooklyn/BK_Dcp_Mappinglot.shp.xml,2016
Brooklyn/BK_Dcp_Mappinglot.shx,2016
Brooklyn/bk_pluto.dbf,2016
Brooklyn/bk_pluto.dbf.xml,2016
Brooklyn/BKMapPLUTO.BBL.atx,2016
Brooklyn/BKMapPLUTO.CD.atx,2016
Brooklyn/BKMapPLUTO.dbf,2016
Brooklyn/BKMapPLUTO.LandUse.atx,2016
Brooklyn/BKMapPLUTO.prj,2016
Brooklyn/BKMapPLUTO.sbn,2016
Brooklyn/BKMapPLUTO.sbx,2016
Brooklyn/BKMapPLUTO.shp,2016
Brooklyn/BKMapPLUTO.shp.xml,2016
Brooklyn/BKMapPLUTO.shx,2016
Brooklyn/BKMapPLUTO.ZoneDist1.atx,2016
Brooklyn/PLUTODD16v1.pdf,2016
Manhattan/MN_Dcp_Mappinglot.dbf,2016
Manhattan/MN_Dcp_Mappinglot.prj,2016
Manhattan/MN_Dcp_Mappinglot.sbn,2016
Manhattan/MN_Dcp_Mappinglot.sbx,2016
Manhattan/MN_Dcp_Mappinglot.shp,2016
Manhattan/MN_Dcp_Mappinglot.shp.xml,2016
Manhattan/MN_Dcp_Mappinglot.shx,2016
Manhattan/mn_pluto.dbf,2016
Manhattan/mn_pluto.dbf.xml,2016
Manhattan/MNMapPLUTO.BBL.atx,2016
Manhattan/MNMapPLUTO.CD.atx,2016
Manhattan/MNMapPLUTO.dbf,2016
Manhattan/MNMapPLUTO.LandUse.atx,2016
Manhattan/MNMapPLUTO.prj,2016
Manhattan/MNMapPLUTO.sbn,2016
Manhattan/MNMapPLUTO.sbx,2016
Manhattan/MNMapPLUTO.shp,2016
Manhattan/MNMapPLUTO.shp.xml,2016
Manhattan/MNMapPLUTO.shx,2016
Manhattan/MNMapPLUTO.ZoneDist1.atx,2016
Manhattan/PLUTODD16v1.pdf,2016
Queens/PLUTODD16v1.pdf,2016
Queens/QN_Dcp_Mappinglot.dbf,2016
Queens/QN_Dcp_Mappinglot.prj,2016
Queens/QN_Dcp_Mappinglot.sbn,2016
Queens/QN_Dcp_Mappinglot.sbx,2016
Queens/QN_Dcp_Mappinglot.shp,2016
Queens/QN_Dcp_Mappinglot.shp.xml,2016
Queens/QN_Dcp_Mappinglot.shx,2016
Queens/qn_pluto.dbf,2016
Queens/qn_pluto.dbf.xml,2016
Queens/QNMapPLUTO.BBL.atx,2016
Queens/QNMapPLUTO.CD.atx,2016
Queens/QNMapPLUTO.dbf,2016
Queens/QNMapPLUTO.LandUse.atx,2016
Queens/QNMapPLUTO.prj,2016
Queens/QNMapPLUTO.sbn,2016
Queens/QNMapPLUTO.sbx,2016
Queens/QNMapPLUTO.shp,2016
Queens/QNMapPLUTO.shp.xml,2016
Queens/QNMapPLUTO.shx,2016
Queens/QNMapPLUTO.ZoneDist1.atx,2016
Staten_Island/PLUTODD16v1.pdf,2016
Staten_Island/SI_Dcp_Mappinglot.dbf,2016
Staten_Island/SI_Dcp_Mappinglot.prj,2016
Staten_Island/SI_Dcp_Mappinglot.sbn,2016
Staten_Island/SI_Dcp_Mappinglot.sbx,2016
Staten_Island/SI_Dcp_Mappinglot.shp,2016
Staten_Island/SI_Dcp_Mappinglot.shp.xml,2016
Staten_Island/SI_Dcp_Mappinglot.shx,2016
Staten_Island/si_pluto.dbf,2016
Staten_Island/si_pluto.dbf.xml,2016
Staten_Island/SIMapPLUTO.BBL.atx,2016
Staten_Island/SIMapPLUTO.CD.atx,2016
Staten_Island/SIMapPLUTO.dbf,2016
Staten_Island/SIMapPLUTO.LandUse.atx,2016
Staten_Island/SIMapPLUTO.prj,2016
Staten_Island/SIMapPLUTO.sbn,2016
Staten_Island/SIMapPLUTO.sbx,2016
Staten_Island/SIMapPLUTO.shp,2016
Staten_Island/SIMapPLUTO.shp.xml,2016
Staten_Island/SIMapPLUTO.shx,2016
Staten_Island/SIMapPLUTO.ZoneDist1.atx,2016
bk_mappluto_17v1.zip,2017
bx_mappluto_17v1.zip,2017
mn_mappluto_17v1.zip,2017
qn_mappluto_17v1.zip,2017
si_mappluto_17v1.zip,2017
MapPLUTO.cpg,2018
MapPLUTO.dbf,2018
MapPLUTO.prj,2018
MapPLUTO.sbn,2018
MapPLUTO.sbx,2018
MapPLUTO.shp,2018
MapPLUTO.shp.xml,2018
MapPLUTO.shx,2018
MapPLUTO_UNCLIPPED.CPG,2018
MapPLUTO_UNCLIPPED.dbf,2018
MapPLUTO_UNCLIPPED.prj,2018
MapPLUTO_UNCLIPPED.sbn,2018
MapPLUTO_UNCLIPPED.sbx,2018
MapPLUTO_UNCLIPPED.shp,2018
MapPLUTO_UNCLIPPED.shp.xml,2018
MapPLUTO_UNCLIPPED.shx,2018
PLUTODD18v2.1.pdf,2018
PlutoReadme18v2.1.pdf,2018
MapPLUTO.cpg,2019
MapPLUTO.dbf,2019
MapPLUTO.prj,2019
MapPLUTO.sbn,2019
MapPLUTO.sbx,2019
MapPLUTO.shp,2019
MapPLUTO.shp.xml,2019
MapPLUTO.shx,2019
MapPLUTO_UNCLIPPED.cpg,2019
MapPLUTO_UNCLIPPED.dbf,2019
MapPLUTO_UNCLIPPED.prj,2019
MapPLUTO_UNCLIPPED.sbn,2019
MapPLUTO_UNCLIPPED.sbx,2019
MapPLUTO_UNCLIPPED.shp,2019
MapPLUTO_UNCLIPPED.shp.xml,2019
MapPLUTO_UNCLIPPED.shx,2019
PLUTODD19v2.pdf,2019
PlutoReadme19v2.pdf,2019
MapPLUTO.cpg,2020
MapPLUTO.dbf,2020
MapPLUTO.prj,2020
MapPLUTO.sbn,2020
MapPLUTO.sbx,2020
MapPLUTO.shp,2020
MapPLUTO.shp.xml,2020
MapPLUTO.shx,2020
MapPLUTO_UNCLIPPED.cpg,2020
MapPLUTO_UNCLIPPED.dbf,2020
MapPLUTO_UNCLIPPED.prj,2020
MapPLUTO_UNCLIPPED.sbn,2020
MapPLUTO_UNCLIPPED.sbx,2020
MapPLUTO_UNCLIPPED.shp,2020
MapPLUTO_UNCLIPPED.shp.xml,2020
MapPLUTO_UNCLIPPED.shx,2020
PLUTOChangeFileReadme20v8.pdf,2020
PLUTODD20v8.pdf,2020
PlutoReadme20v8.pdf,2020
